{"file_name": "example.csv", "number_of_observations": 8, "number_of_attributes": 4, "decision_attribute_position": 1, "attributes": {"0": {"type": "categorical", "stats": {"counts": {"1": 4, "0": 4}, "table": null}}, "1": {"type": "numerical", "stats": {"min": -1.3858697343671664, "max": 1.6378460497066514}}, "2": {"type": "numerical", "stats": {"min": -1.0502100630210074, "max": 2.450490147049017}}, "3": {"type": "categorical", "stats": {"counts": {"1": 4, "0": 4}, "table": {"0": [2, 2], "1": [2, 2]}}}, "4": {"type": "categorical", "stats": {"counts": {"3": 3, "1": 2, "2": 2, "0": 1}, "table": {"0": [1, 0], "1": [0, 2], "2": [1, 1], "3": [2, 1]}}}}}