{"file_name": "tae.csv", "number_of_observations": 151, "number_of_attributes": 5, "decision_attribute_position": 1, "attributes": {"0": {"type": "categorical", "stats": {"counts": {"2": 52, "1": 50, "0": 49}, "table": null}}, "1": {"type": "categorical", "stats": {"counts": {"1": 122, "0": 29}, "table": {"0": [5, 6, 18], "1": [44, 44, 34]}}}, "2": {"type": "numerical", "stats": {"min": -1.858316168217688, "max": 1.6694668562039474}}, "3": {"type": "numerical", "stats": {"min": -1.0150476950160767, "max": 2.5560660502641555}}, "4": {"type": "categorical", "stats": {"counts": {"1": 128, "0": 23}, "table": {"0": [2, 6, 15], "1": [47, 44, 37]}}}, "5": {"type": "numerical", "stats": {"min": -1.9350683456068614, "max": 2.9672765736363}}}}