{"file_name": "zoo.csv", "number_of_observations": 101, "number_of_attributes": 16, "decision_attribute_position": 1, "attributes": {"0": {"type": "categorical", "stats": {"counts": {"0": 41, "1": 20, "3": 13, "6": 10, "5": 8, "2": 5, "4": 4}, "table": null}}, "1": {"type": "categorical", "stats": {"counts": {"0": 58, "1": 43}, "table": {"0": [2, 20, 5, 13, 4, 4, 10], "1": [39, 0, 0, 0, 0, 4, 0]}}}, "2": {"type": "categorical", "stats": {"counts": {"0": 81, "1": 20}, "table": {"0": [41, 0, 5, 13, 4, 8, 10], "1": [0, 20, 0, 0, 0, 0, 0]}}}, "3": {"type": "categorical", "stats": {"counts": {"1": 59, "0": 42}, "table": {"0": [40, 0, 1, 0, 0, 0, 1], "1": [1, 20, 4, 13, 4, 8, 9]}}}, "4": {"type": "categorical", "stats": {"counts": {"0": 60, "1": 41}, "table": {"0": [0, 20, 5, 13, 4, 8, 10], "1": [41, 0, 0, 0, 0, 0, 0]}}}, "5": {"type": "categorical", "stats": {"counts": {"0": 77, "1": 24}, "table": {"0": [39, 4, 5, 13, 4, 2, 10], "1": [2, 16, 0, 0, 0, 6, 0]}}}, "6": {"type": "categorical", "stats": {"counts": {"0": 65, "1": 36}, "table": {"0": [35, 14, 4, 0, 0, 8, 4], "1": [6, 6, 1, 13, 4, 0, 6]}}}, "7": {"type": "categorical", "stats": {"counts": {"1": 56, "0": 45}, "table": {"0": [19, 11, 1, 4, 1, 7, 2], "1": [22, 9, 4, 9, 3, 1, 8]}}}, "8": {"type": "categorical", "stats": {"counts": {"1": 61, "0": 40}, "table": {"0": [1, 20, 1, 0, 0, 8, 10], "1": [40, 0, 4, 13, 4, 0, 0]}}}, "9": {"type": "categorical", "stats": {"counts": {"1": 83, "0": 18}, "table": {"0": [0, 0, 0, 0, 0, 8, 10], "1": [41, 20, 5, 13, 4, 0, 0]}}}, "10": {"type": "categorical", "stats": {"counts": {"1": 80, "0": 21}, "table": {"0": [0, 0, 1, 13, 0, 0, 7], "1": [41, 20, 4, 0, 4, 8, 3]}}}, "11": {"type": "categorical", "stats": {"counts": {"0": 93, "1": 8}, "table": {"0": [41, 20, 3, 12, 3, 6, 8], "1": [0, 0, 2, 1, 1, 2, 2]}}}, "12": {"type": "categorical", "stats": {"counts": {"0": 84, "1": 17}, "table": {"0": [37, 20, 5, 0, 4, 8, 10], "1": [4, 0, 0, 13, 0, 0, 0]}}}, "13": {"type": "categorical", "stats": {"counts": {"2": 38, "1": 27, "0": 23, "4": 10, "5": 2, "3": 1}, "table": {"0": [3, 0, 3, 13, 0, 0, 4], "1": [7, 20, 0, 0, 0, 0, 0], "2": [31, 0, 2, 0, 4, 0, 1], "3": [0, 0, 0, 0, 0, 0, 1], "4": [0, 0, 0, 0, 0, 8, 2], "5": [0, 0, 0, 0, 0, 0, 2]}}}, "14": {"type": "categorical", "stats": {"counts": {"1": 75, "0": 26}, "table": {"0": [6, 0, 0, 0, 3, 8, 9], "1": [35, 20, 5, 13, 1, 0, 1]}}}, "15": {"type": "categorical", "stats": {"counts": {"0": 88, "1": 13}, "table": {"0": [33, 17, 5, 12, 4, 7, 10], "1": [8, 3, 0, 1, 0, 1, 0]}}}, "16": {"type": "categorical", "stats": {"counts": {"0": 57, "1": 44}, "table": {"0": [9, 14, 4, 9, 4, 8, 9], "1": [32, 6, 1, 4, 0, 0, 1]}}}}}